Run ID,Model,Accuracy,Precision,Recall,F1-score
cc72b5d0dd394ff78df772dc6c3a0b20,XGBoost,0.98182369,0.981856901,0.98182369,0.981807088
4401aa831305444492509aae3bd092a5,RandomForest,0.972129658,0.972393126,0.972129658,0.97222101
07caec70c96f48399b5e9367d9801365,LogisticRegression,0.885792184,0.885566232,0.885792184,0.885618022
76e9b1e47ac64607b8f112153d0ffb4c,SVM,0.675855801,0.702071462,0.675855801,0.675361884
